ModeName,KeyLength,EncTime,DecTime
ECB,16,1.369252,1.173073
ECB,24,1.357326,1.407188
ECB,32,1.944626,1.207737
CFB,16,4.366842,2.664717
CFB,24,4.49987,2.841523
CFB,32,4.714123,2.98102
OFB,16,3.028734,1.308649
OFB,24,3.026085,1.304715
OFB,32,3.107944,1.370529
CBC,16,3.275827,1.336348
CBC,24,4.355788,2.788303
CBC,32,3.659055,1.356257
CTR,16,2.94987,1.472943
CTR,24,3.252112,1.439553
CTR,32,2.907121,1.189755
