Length,Time
16,0:00:01.481280
24,0:00:01.527984
32,0:00:01.542876
