Length,Time
16,0:00:02.523218
24,0:00:02.441663
32,0:00:02.578832
