Length,Time
16,0:00:01.461398
24,0:00:01.352690
32,0:00:01.375093
