Length,Time
16,0:00:00.794037
24,0:00:00.752993
32,0:00:00.823761
