Length,Time
16,0:00:00.826270
24,0:00:00.769942
32,0:00:00.759968
